{
  "_comment": "ステージ情報「ステージサイズ(横・縦)、背景画像、BGM」",
  "stage": {
    "width": 8000,
    "height": 1050,
    "background": { "image": "mori", "scaleX": 1, "scaleY": 1 },
    "bgm": "bgm01"
  },

  "_comment": "プレイヤー情報「X・Y(横、縦)、プレイヤーサイズ、プレイヤー画像」",
  "player": {
    "x": 200,
    "y": 500,
    "scale": 1.5,
    "image": "player"
  },  

  "_comment": "ブロック情報「X・Y(横・縦)、大きさ、ブロック画像」",
  "blocks": [
    { "x": 150, "y": 730, "scale": 0.06, "image": "renga" },
    { "x": 400, "y": 810, "scale": 0.06, "image": "renga" },
    { "x": 500, "y": 700, "scale": 0.06, "image": "renga" },

    { "x": 650, "y": 600, "scale": 0.06, "image": "renga" },
    { "x": 680, "y": 600, "scale": 0.06, "image": "renga" },
    { "x": 710, "y": 600, "scale": 0.06, "image": "renga" },

    { "x": 520, "y": 480, "scale": 0.06, "image": "renga"},
    { "x": 450, "y": 370, "scale": 0.06, "image": "renga"},

    { "x": 850, "y": 600, "scale": 0.06, "image": "renga"},
    
    { "x": 970, "y": 560, "scale": 0.06, "image": "renga"},
    { "x": 1000, "y": 560, "scale": 0.06, "image": "renga"},
    { "x": 1030, "y": 560, "scale": 0.06, "image": "renga"},

    { "x": 1600, "y": 780, "scale": 0.06, "image": "renga" },
    { "x": 1630, "y": 780, "scale": 0.06, "image": "renga" },
    { "x": 1660, "y": 780, "scale": 0.06, "image": "renga" },
  
    { "x": 1600, "y": 700, "scale": 0.06, "image": "renga" },
    { "x": 1630, "y": 700, "scale": 0.06, "image": "renga" },
    { "x": 1660, "y": 700, "scale": 0.06, "image": "renga" },

    { "x": 1960, "y": 860, "scale": 0.06, "image": "renga" },
    { "x": 1990, "y": 830, "scale": 0.06, "image": "renga" },
    { "x": 1990, "y": 860, "scale": 0.06, "image": "renga" },
    { "x": 2020, "y": 800, "scale": 0.06, "image": "renga" },
    { "x": 2020, "y": 830, "scale": 0.06, "image": "renga" },
    { "x": 2020, "y": 860, "scale": 0.06, "image": "renga" },
    { "x": 2050, "y": 770, "scale": 0.06, "image": "renga" },
    { "x": 2050, "y": 800, "scale": 0.06, "image": "renga" },
    { "x": 2050, "y": 830, "scale": 0.06, "image": "renga" },
    { "x": 2050, "y": 860, "scale": 0.06, "image": "renga" },
    { "x": 2080, "y": 740, "scale": 0.06, "image": "renga" },
    { "x": 2080, "y": 770, "scale": 0.06, "image": "renga" },
    { "x": 2080, "y": 800, "scale": 0.06, "image": "renga" },
    { "x": 2080, "y": 830, "scale": 0.06, "image": "renga" },
    { "x": 2080, "y": 860, "scale": 0.06, "image": "renga" },

    { "x": 2200, "y": 660, "scale": 0.06, "image": "renga" },
    { "x": 2400, "y": 630, "scale": 0.06, "image": "renga" },
    { "x": 2500, "y": 780, "scale": 0.06, "image": "renga" },
    { "x": 2530, "y": 780, "scale": 0.06, "image": "renga" },
    { "x": 2600, "y": 700, "scale": 0.06, "image": "renga" },
    { "x": 2630, "y": 700, "scale": 0.06, "image": "renga" },
    { "x": 2700, "y": 580, "scale": 0.06, "image": "renga" },
    { "x": 2900, "y": 730, "scale": 0.06, "image": "renga" },

    { "x": 3300, "y": 780, "scale": 0.06, "image": "renga" },
    { "x": 3500, "y": 680, "scale": 0.06, "image": "renga" },

    { "x": 3710, "y": 630, "scale": 0.06, "image": "renga" },
    { "x": 3740, "y": 630, "scale": 0.06, "image": "renga" },
    { "x": 3770, "y": 630, "scale": 0.06, "image": "renga" },
    { "x": 3800, "y": 630, "scale": 0.06, "image": "renga" },
    { "x": 3830, "y": 630, "scale": 0.06, "image": "renga" },
    { "x": 3860, "y": 630, "scale": 0.06, "image": "renga" },
    { "x": 3890, "y": 630, "scale": 0.06, "image": "renga" },
    { "x": 3920, "y": 630, "scale": 0.06, "image": "renga" },
    { "x": 3950, "y": 630, "scale": 0.06, "image": "renga" },
    { "x": 3980, "y": 630, "scale": 0.06, "image": "renga" },

    { "x": 3710, "y": 730, "scale": 0.06, "image": "renga" },
    { "x": 3740, "y": 730, "scale": 0.06, "image": "renga" },
    { "x": 3770, "y": 730, "scale": 0.06, "image": "renga" },
    { "x": 3800, "y": 730, "scale": 0.06, "image": "renga" },

    { "x": 4360, "y": 860, "scale": 0.06, "image": "renga" },
    { "x": 4390, "y": 830, "scale": 0.06, "image": "renga" },
    { "x": 4390, "y": 860, "scale": 0.06, "image": "renga" },
    { "x": 4420, "y": 800, "scale": 0.06, "image": "renga" },
    { "x": 4420, "y": 830, "scale": 0.06, "image": "renga" },
    { "x": 4420, "y": 860, "scale": 0.06, "image": "renga" },
    { "x": 4450, "y": 770, "scale": 0.06, "image": "renga" },
    { "x": 4450, "y": 800, "scale": 0.06, "image": "renga" },
    { "x": 4450, "y": 830, "scale": 0.06, "image": "renga" },
    { "x": 4450, "y": 860, "scale": 0.06, "image": "renga" },
    { "x": 4480, "y": 740, "scale": 0.06, "image": "renga" },
    { "x": 4480, "y": 770, "scale": 0.06, "image": "renga" },
    { "x": 4480, "y": 800, "scale": 0.06, "image": "renga" },
    { "x": 4480, "y": 830, "scale": 0.06, "image": "renga" },
    { "x": 4480, "y": 860, "scale": 0.06, "image": "renga" },

    { "x": 4720, "y": 860, "scale": 0.06, "image": "renga" },
    { "x": 4720, "y": 740, "scale": 0.06, "image": "renga" },
    { "x": 4720, "y": 770, "scale": 0.06, "image": "renga" },
    { "x": 4720, "y": 800, "scale": 0.06, "image": "renga" },
    { "x": 4720, "y": 830, "scale": 0.06, "image": "renga" },
    { "x": 4720, "y": 860, "scale": 0.06, "image": "renga" },
    { "x": 4750, "y": 770, "scale": 0.06, "image": "renga" },
    { "x": 4750, "y": 800, "scale": 0.06, "image": "renga" },
    { "x": 4750, "y": 830, "scale": 0.06, "image": "renga" },
    { "x": 4750, "y": 860, "scale": 0.06, "image": "renga" },
    { "x": 4780, "y": 800, "scale": 0.06, "image": "renga" },
    { "x": 4780, "y": 830, "scale": 0.06, "image": "renga" },
    { "x": 4780, "y": 860, "scale": 0.06, "image": "renga" },
    { "x": 4810, "y": 860, "scale": 0.06, "image": "renga" },
    { "x": 4810, "y": 830, "scale": 0.06, "image": "renga" },
    { "x": 4840, "y": 860, "scale": 0.06, "image": "renga" },

    { "x": 5010, "y": 600, "scale": 0.06, "image": "renga" },
    { "x": 5040, "y": 600, "scale": 0.06, "image": "renga" },
    { "x": 5070, "y": 600, "scale": 0.06, "image": "renga" },
    { "x": 5100, "y": 600, "scale": 0.06, "image": "renga" },
    { "x": 5130, "y": 600, "scale": 0.06, "image": "renga" },
    { "x": 5160, "y": 600, "scale": 0.06, "image": "renga" },
    { "x": 5190, "y": 600, "scale": 0.06, "image": "renga" },
    { "x": 5220, "y": 600, "scale": 0.06, "image": "renga" },
    { "x": 5250, "y": 600, "scale": 0.06, "image": "renga" },
    { "x": 5280, "y": 600, "scale": 0.06, "image": "renga" },
    { "x": 5310, "y": 600, "scale": 0.06, "image": "renga" },
    { "x": 5340, "y": 600, "scale": 0.06, "image": "renga" },
    { "x": 5370, "y": 600, "scale": 0.06, "image": "renga" },
    { "x": 5400, "y": 600, "scale": 0.06, "image": "renga" },
    { "x": 5430, "y": 600, "scale": 0.06, "image": "renga" },
        
    { "x": 5010, "y": 760, "scale": 0.06, "image": "renga" },
    { "x": 5040, "y": 760, "scale": 0.06, "image": "renga" },
    { "x": 5070, "y": 760, "scale": 0.06, "image": "renga" },
    { "x": 5370, "y": 760, "scale": 0.06, "image": "renga" },
    { "x": 5400, "y": 760, "scale": 0.06, "image": "renga" },
    { "x": 5430, "y": 760, "scale": 0.06, "image": "renga" },

    { "x": 6060, "y": 860, "scale": 0.06, "image": "renga" },
    { "x": 6090, "y": 830, "scale": 0.06, "image": "renga" },
    { "x": 6090, "y": 860, "scale": 0.06, "image": "renga" },
    { "x": 6120, "y": 800, "scale": 0.06, "image": "renga" },
    { "x": 6120, "y": 830, "scale": 0.06, "image": "renga" },
    { "x": 6120, "y": 860, "scale": 0.06, "image": "renga" },
    { "x": 6150, "y": 770, "scale": 0.06, "image": "renga" },
    { "x": 6150, "y": 800, "scale": 0.06, "image": "renga" },
    { "x": 6150, "y": 830, "scale": 0.06, "image": "renga" },
    { "x": 6150, "y": 860, "scale": 0.06, "image": "renga" },
    { "x": 6180, "y": 740, "scale": 0.06, "image": "renga" },
    { "x": 6180, "y": 770, "scale": 0.06, "image": "renga" },
    { "x": 6180, "y": 800, "scale": 0.06, "image": "renga" },
    { "x": 6180, "y": 830, "scale": 0.06, "image": "renga" },
    { "x": 6180, "y": 860, "scale": 0.06, "image": "renga" },

    { "x": 6370, "y": 670, "scale": 0.06, "image": "renga" },
    { "x": 6400, "y": 640, "scale": 0.06, "image": "renga" },
    { "x": 6400, "y": 670, "scale": 0.06, "image": "renga" },

    { "x": 6700, "y": 600, "scale": 0.06, "image": "renga" },
    { "x": 6670, "y": 600, "scale": 0.06, "image": "renga" },
    { "x": 6640, "y": 600, "scale": 0.06, "image": "renga" },
    { "x": 6610, "y": 600, "scale": 0.06, "image": "renga" },
    { "x": 6580, "y": 600, "scale": 0.06, "image": "renga" },
    { "x": 6550, "y": 600, "scale": 0.06, "image": "renga" },

    { "x": 6870, "y": 670, "scale": 0.06, "image": "renga" },
    { "x": 6900, "y": 640, "scale": 0.06, "image": "renga" },
    { "x": 6900, "y": 670, "scale": 0.06, "image": "renga" },

    { "x": 7100, "y": 600, "scale": 0.06, "image": "renga" },
    { "x": 7130, "y": 600, "scale": 0.06, "image": "renga" },
    { "x": 7160, "y": 600, "scale": 0.06, "image": "renga" },
    { "x": 7190, "y": 600, "scale": 0.06, "image": "renga" },
    { "x": 7220, "y": 600, "scale": 0.06, "image": "renga" },
    { "x": 7250, "y": 600, "scale": 0.06, "image": "renga" },

    { "x": 7400, "y": 670, "scale": 0.06, "image": "renga" },
    { "x": 7430, "y": 640, "scale": 0.06, "image": "renga" },
    { "x": 7430, "y": 670, "scale": 0.06, "image": "renga" }
  ],

  "_comment": "敵情報「X・Y(横・縦)、大きさ、スピード、敵画像」",
  "enemies": [
    { "x": 1200, "y": 750, "scale": 1.5, "speedX": -80, "image": "enemy", "type": "normal", "fallable": false },
    { "x": 750, "y": 750, "scale": 1, "speedX": -80, "image": "enemy", "type": "normal", "fallable": false  },
    { "x": 950, "y": 750, "scale": 1, "speedX": -80, "image": "enemy", "type": "normal", "fallable": false  },
    { "x": 1700, "y": 750, "scale": 1.5, "speedX": -80, "image": "enemy", "type": "normal", "fallable": false  },
    { "x": 2700, "y": 750, "scale": 1.5, "speedX": -80, "image": "enemy", "type": "normal", "fallable": false  },
    { "x": 2900, "y": 750, "scale": 1.5, "speedX": -80, "image": "enemy", "type": "normal", "fallable": false  },
    { "x": 3200, "y": 750, "scale": 1, "speedX": -80, "image": "enemy", "type": "normal", "fallable": false  },
    { "x": 3500, "y": 750, "scale": 2, "speedX": -80, "image": "enemy", "type": "normal", "fallable": false  },
    { "x": 3900, "y": 750, "scale": 1.5, "speedX": -80, "image": "enemy", "type": "normal", "fallable": false  },
    { "x": 4300, "y": 750, "scale": 1, "speedX": -80, "image": "enemy", "type": "normal", "fallable": false  },
    { "x": 5300, "y": 750, "scale": 1.5, "speedX": -80, "image": "enemy", "type": "normal", "fallable": false  },
    { "x": 5400, "y": 750, "scale": 2, "speedX": -80, "image": "enemy", "type": "normal", "fallable": false  },
    { "x": 5550, "y": 750, "scale": 3, "speedX": -80, "image": "enemy", "type": "normal", "fallable": false  },
    { "x": 6400, "y": 750, "scale": 3, "speedX": -170, "image": "enemy", "type": "normal", "fallable": false },
    { "x": 6700, "y": 750, "scale": 3, "speedX": -170, "image": "enemy", "type": "normal", "fallable": false  },
    { "x": 7000, "y": 750, "scale": 3, "speedX": -170, "image": "enemy", "type": "normal", "fallable": false  },
    { "x": 7300, "y": 750, "scale": 3, "speedX": -170, "image": "enemy", "type": "normal", "fallable": false  }
  
  ],

  "_comment": "地面情報「X・Y(横・縦)、地面の幅(横・縦)、地面画像」",
  "ground": [
    { "x": 0, "y": 950, "width": 100, "height": 150, "image": "groundLeft" },
    { "x": 100, "y": 950, "width": 100, "height": 150, "image": "groundMid" },
    { "x": 200, "y": 950, "width": 100, "height": 150, "image": "groundMid" },
    { "x": 300, "y": 950, "width": 100, "height": 150, "image": "groundRight" },

    { "x": 500, "y": 950, "width": 100, "height": 150, "image": "groundLeft" },
    { "x": 600, "y": 950, "width": 100, "height": 150, "image": "groundMid" },
    { "x": 700, "y": 950, "width": 100, "height": 150, "image": "groundMid" },
    { "x": 800, "y": 950, "width": 100, "height": 150, "image": "groundRight" },

    { "x": 1000, "y": 950, "width": 100, "height": 150, "image": "groundLeft" },
    { "x": 1100, "y": 950, "width": 100, "height": 150, "image": "groundMid" },
    { "x": 1200, "y": 950, "width": 100, "height": 150, "image": "groundRight" },

    { "x": 1500, "y": 950, "width": 100, "height": 150, "image": "groundLeft" },
    { "x": 1600, "y": 950, "width": 100, "height": 150, "image": "groundMid" },
    { "x": 1700, "y": 950, "width": 100, "height": 150, "image": "groundMid" },
    { "x": 1800, "y": 950, "width": 100, "height": 150, "image": "groundMid" },
    { "x": 1900, "y": 950, "width": 100, "height": 150, "image": "groundMid" },
    { "x": 2000, "y": 950, "width": 100, "height": 150, "image": "groundRight" },

    { "x": 2200, "y": 950, "width": 100, "height": 150, "image": "groundLeft" },
    { "x": 2300, "y": 950, "width": 100, "height": 150, "image": "groundRight" },

    { "x": 2500, "y": 950, "width": 100, "height": 150, "image": "groundLeft" },
    { "x": 2600, "y": 950, "width": 100, "height": 150, "image": "groundMid" },
    { "x": 2700, "y": 950, "width": 100, "height": 150, "image": "groundRight" },

    { "x": 2900, "y": 950, "width": 100, "height": 150, "image": "groundLeft" },
    { "x": 3000, "y": 950, "width": 100, "height": 150, "image": "groundMid" },
    { "x": 3100, "y": 950, "width": 100, "height": 150, "image": "groundRight" },

    { "x": 3300, "y": 950, "width": 100, "height": 150, "image": "groundLeft" },
    { "x": 3400, "y": 950, "width": 100, "height": 150, "image": "groundMid" },
    { "x": 3500, "y": 950, "width": 100, "height": 150, "image": "groundRight" },

    { "x": 3700, "y": 950, "width": 100, "height": 150, "image": "groundLeft" },
    { "x": 3800, "y": 950, "width": 100, "height": 150, "image": "groundMid" },
    { "x": 3900, "y": 950, "width": 100, "height": 150, "image": "groundRight" },

    { "x": 4100, "y": 950, "width": 100, "height": 150, "image": "groundLeft" },
    { "x": 4200, "y": 950, "width": 100, "height": 150, "image": "groundMid" },
    { "x": 4300, "y": 950, "width": 100, "height": 150, "image": "groundMid" },
    { "x": 4400, "y": 950, "width": 100, "height": 150, "image": "groundRight" },

    { "x": 4700, "y": 950, "width": 100, "height": 150, "image": "groundLeft" },
    { "x": 4800, "y": 950, "width": 100, "height": 150, "image": "groundMid" },
    { "x": 4900, "y": 950, "width": 100, "height": 150, "image": "groundMid" },
    { "x": 5000, "y": 950, "width": 100, "height": 150, "image": "groundMid" },
    { "x": 5100, "y": 950, "width": 100, "height": 150, "image": "groundMid" },
    { "x": 5200, "y": 950, "width": 100, "height": 150, "image": "groundMid" },
    { "x": 5300, "y": 950, "width": 100, "height": 150, "image": "groundMid" },
    { "x": 5400, "y": 950, "width": 100, "height": 150, "image": "groundMid" },
    { "x": 5500, "y": 950, "width": 100, "height": 150, "image": "groundRight" },

    { "x": 5700, "y": 950, "width": 100, "height": 150, "image": "groundLeft" },
    { "x": 5800, "y": 950, "width": 100, "height": 150, "image": "groundMid" },
    { "x": 5900, "y": 950, "width": 100, "height": 150, "image": "groundMid" },
    { "x": 6000, "y": 950, "width": 100, "height": 150, "image": "groundMid" },
    { "x": 6100, "y": 950, "width": 100, "height": 150, "image": "groundRight" },

    { "x": 6300, "y": 950, "width": 100, "height": 150, "image": "groundLeft" },
    { "x": 6400, "y": 950, "width": 100, "height": 150, "image": "groundRight" },

    { "x": 6600, "y": 950, "width": 100, "height": 150, "image": "groundLeft" },
    { "x": 6700, "y": 950, "width": 100, "height": 150, "image": "groundRight" },
    
    { "x": 6900, "y": 950, "width": 100, "height": 150, "image": "groundLeft" },
    { "x": 7000, "y": 950, "width": 100, "height": 150, "image": "groundRight" },
    
    { "x": 7200, "y": 950, "width": 100, "height": 150, "image": "groundLeft" },
    { "x": 7300, "y": 950, "width": 100, "height": 150, "image": "groundRight" },
    
    { "x": 7500, "y": 950, "width": 100, "height": 150, "image": "groundLeft" },
    { "x": 7600, "y": 950, "width": 100, "height": 150, "image": "groundMid" },
    { "x": 7700, "y": 950, "width": 100, "height": 150, "image": "groundMid" },
    { "x": 7800, "y": 950, "width": 100, "height": 150, "image": "groundMid" },
    { "x": 7900, "y": 950, "width": 100, "height": 150, "image": "groundRight" }
  ],

  "_comment": "穴情報「X・Y(横・縦)、判定の幅(横)」",
  "holes": [
    { "x": 1000, "y": 1000, "width": 100000, "height": 50 }
  ],

  "_comment": "ゴール情報「X・Y(横・縦)、サイズ(横・縦)、ゴール画像」",
  "goal": {
    "pole": { "x": 7700, "y": 813, "width": 42, "height": 150, "image": "pole" },
    "flag": { "x": 7700, "y": 713, "width": 42, "height": 48, "image": "flag" }
  },

  "_comment": "オブジェクト情報「X・Y(横・縦)、画像サイズ(横・縦)、画像」",
  "decorations": [
  ]
}