{
  "_comment": "ステージ情報「ステージサイズ(横・縦)、背景画像、BGM」",
  "stage": {
    "width": 5000,
    "height": 1050,
    "background": { "image": "dokutsu_h", "scaleX": 1, "scaleY": 1 },
    "bgm": "bgm12"
  },

  "_comment": "プレイヤー情報「X・Y(横、縦)、プレイヤーサイズ、プレイヤー画像」",
  "player": {
    "x": 100,
    "y": 500,
    "scale": 1.5,
    "image": "player"
  },  

  "_comment": "ブロック情報「X・Y(横・縦)、大きさ、ブロック画像」",
  "blocks": [
    { "x": 400, "y": 810, "scale": 0.03, "image": "stone_block" },
    { "x": 500, "y": 700, "scale": 0.03, "image": "stone_block" },


    { "x": 780, "y": 600, "scale": 0.1, "image": "stone_block" },

    { "x": 850, "y": 550, "scale": 0.1, "image": "stone_block" },
    { "x": 850, "y": 600, "scale": 0.1, "image": "stone_block" },
    

    { "x": 1000, "y": 550, "scale": 0.1, "image": "stone_block" },


    { "x": 1325, "y": 350, "scale": 0.1, "image": "stone_block" },
    { "x": 1325, "y": 400, "scale": 0.1, "image": "stone_block" },
    { "x": 1325, "y": 450, "scale": 0.1, "image": "stone_block" },
    { "x": 1325, "y": 500, "scale": 0.1, "image": "stone_block" },
    { "x": 1325, "y": 550, "scale": 0.1, "image": "stone_block" },
    { "x": 1325, "y": 600, "scale": 0.1, "image": "stone_block" },
    { "x": 1325, "y": 650, "scale": 0.1, "image": "stone_block" },
    { "x": 1325, "y": 700, "scale": 0.1, "image": "stone_block" },
    { "x": 1325, "y": 750, "scale": 0.1, "image": "stone_block" },
    { "x": 1325, "y": 800, "scale": 0.1, "image": "stone_block" },

    { "x": 1625, "y": 350, "scale": 0.1, "image": "stone_block" },
    { "x": 1625, "y": 400, "scale": 0.1, "image": "stone_block" },
    { "x": 1625, "y": 450, "scale": 0.1, "image": "stone_block" },
    { "x": 1625, "y": 500, "scale": 0.1, "image": "stone_block" },
    { "x": 1625, "y": 550, "scale": 0.1, "image": "stone_block" },
    { "x": 1625, "y": 600, "scale": 0.1, "image": "stone_block" },
    { "x": 1625, "y": 650, "scale": 0.1, "image": "stone_block" },
    { "x": 1625, "y": 700, "scale": 0.1, "image": "stone_block" },
    { "x": 1625, "y": 750, "scale": 0.1, "image": "stone_block" },
    { "x": 1625, "y": 800, "scale": 0.1, "image": "stone_block" },


    { "x": 1925, "y": 850, "scale": 0.1, "image": "stone_block" },
    { "x": 1925, "y": 800, "scale": 0.1, "image": "stone_block" },
    { "x": 1925, "y": 700, "scale": 0.1, "image": "stone_block" },
    { "x": 1925, "y": 650, "scale": 0.1, "image": "stone_block" },
    { "x": 1925, "y": 600, "scale": 0.1, "image": "stone_block" },
    { "x": 1925, "y": 550, "scale": 0.1, "image": "stone_block" },
    { "x": 1925, "y": 500, "scale": 0.1, "image": "stone_block" },
    { "x": 1925, "y": 450, "scale": 0.1, "image": "stone_block" },
    { "x": 1925, "y": 400, "scale": 0.1, "image": "stone_block" },
    { "x": 1925, "y": 350, "scale": 0.1, "image": "stone_block" },


    { "x": 2525, "y": 350, "scale": 0.1, "image": "stone_block" },
    { "x": 2525, "y": 400, "scale": 0.1, "image": "stone_block" },
    { "x": 2525, "y": 450, "scale": 0.1, "image": "stone_block" },
    { "x": 2525, "y": 500, "scale": 0.1, "image": "stone_block" },
    { "x": 2525, "y": 550, "scale": 0.1, "image": "stone_block" },
    { "x": 2525, "y": 600, "scale": 0.1, "image": "stone_block" },
    { "x": 2525, "y": 650, "scale": 0.1, "image": "stone_block" },
    { "x": 2525, "y": 700, "scale": 0.1, "image": "stone_block" },
    { "x": 2525, "y": 750, "scale": 0.1, "image": "stone_block" },
    { "x": 2525, "y": 800, "scale": 0.1, "image": "stone_block" },

    { "x": 2575, "y": 350, "scale": 0.1, "image": "stone_block" },
    { "x": 2575, "y": 400, "scale": 0.1, "image": "stone_block" },
    { "x": 2575, "y": 450, "scale": 0.1, "image": "stone_block" },
    { "x": 2575, "y": 500, "scale": 0.1, "image": "stone_block" },
    { "x": 2575, "y": 550, "scale": 0.1, "image": "stone_block" },
    { "x": 2575, "y": 600, "scale": 0.1, "image": "stone_block" },
    { "x": 2575, "y": 650, "scale": 0.1, "image": "stone_block" },
    { "x": 2575, "y": 700, "scale": 0.1, "image": "stone_block" },
    { "x": 2575, "y": 750, "scale": 0.1, "image": "stone_block" },
    { "x": 2575, "y": 800, "scale": 0.1, "image": "stone_block" },

    { "x": 2625, "y": 350, "scale": 0.1, "image": "stone_block" },
    { "x": 2625, "y": 400, "scale": 0.1, "image": "stone_block" },
    { "x": 2625, "y": 450, "scale": 0.1, "image": "stone_block" },
    { "x": 2625, "y": 500, "scale": 0.1, "image": "stone_block" },
    { "x": 2625, "y": 550, "scale": 0.1, "image": "stone_block" },
    { "x": 2625, "y": 600, "scale": 0.1, "image": "stone_block" },
    { "x": 2625, "y": 650, "scale": 0.1, "image": "stone_block" },
    { "x": 2625, "y": 700, "scale": 0.1, "image": "stone_block" },
    { "x": 2625, "y": 750, "scale": 0.1, "image": "stone_block" },
    { "x": 2625, "y": 800, "scale": 0.1, "image": "stone_block" },

    { "x": 2675, "y": 350, "scale": 0.1, "image": "stone_block" },
    { "x": 2675, "y": 400, "scale": 0.1, "image": "stone_block" },
    { "x": 2675, "y": 450, "scale": 0.1, "image": "stone_block" },
    { "x": 2675, "y": 500, "scale": 0.1, "image": "stone_block" },
    { "x": 2675, "y": 550, "scale": 0.1, "image": "stone_block" },
    { "x": 2675, "y": 600, "scale": 0.1, "image": "stone_block" },
    { "x": 2675, "y": 650, "scale": 0.1, "image": "stone_block" },
    { "x": 2675, "y": 700, "scale": 0.1, "image": "stone_block" },
    { "x": 2675, "y": 750, "scale": 0.1, "image": "stone_block" },
    { "x": 2675, "y": 800, "scale": 0.1, "image": "stone_block" },

    { "x": 2725, "y": 350, "scale": 0.1, "image": "stone_block" },
    { "x": 2725, "y": 400, "scale": 0.1, "image": "stone_block" },
    { "x": 2725, "y": 450, "scale": 0.1, "image": "stone_block" },
    { "x": 2725, "y": 500, "scale": 0.1, "image": "stone_block" },
    { "x": 2725, "y": 550, "scale": 0.1, "image": "stone_block" },
    { "x": 2725, "y": 600, "scale": 0.1, "image": "stone_block" },
    { "x": 2725, "y": 650, "scale": 0.1, "image": "stone_block" },
    { "x": 2725, "y": 700, "scale": 0.1, "image": "stone_block" },
    { "x": 2725, "y": 750, "scale": 0.1, "image": "stone_block" },
    { "x": 2725, "y": 800, "scale": 0.1, "image": "stone_block" },

    { "x": 2775, "y": 350, "scale": 0.1, "image": "stone_block" },
    { "x": 2775, "y": 400, "scale": 0.1, "image": "stone_block" },
    { "x": 2775, "y": 450, "scale": 0.1, "image": "stone_block" },
    { "x": 2775, "y": 500, "scale": 0.1, "image": "stone_block" },
    { "x": 2775, "y": 550, "scale": 0.1, "image": "stone_block" },
    { "x": 2775, "y": 600, "scale": 0.1, "image": "stone_block" },
    { "x": 2775, "y": 650, "scale": 0.1, "image": "stone_block" },
    { "x": 2775, "y": 700, "scale": 0.1, "image": "stone_block" },
    { "x": 2775, "y": 750, "scale": 0.1, "image": "stone_block" },

    
    { "x": 2825, "y": 350, "scale": 0.1, "image": "stone_block" },
    { "x": 2825, "y": 400, "scale": 0.1, "image": "stone_block" },
    { "x": 2825, "y": 450, "scale": 0.1, "image": "stone_block" },
    { "x": 2825, "y": 500, "scale": 0.1, "image": "stone_block" },
    { "x": 2825, "y": 550, "scale": 0.1, "image": "stone_block" },
    { "x": 2825, "y": 600, "scale": 0.1, "image": "stone_block" },
    { "x": 2825, "y": 650, "scale": 0.1, "image": "stone_block" },
    { "x": 2825, "y": 700, "scale": 0.1, "image": "stone_block" },
    { "x": 2825, "y": 750, "scale": 0.1, "image": "stone_block" },

    { "x": 2875, "y": 350, "scale": 0.1, "image": "stone_block" },
    { "x": 2875, "y": 400, "scale": 0.1, "image": "stone_block" },
    { "x": 2875, "y": 450, "scale": 0.1, "image": "stone_block" },
    { "x": 2875, "y": 500, "scale": 0.1, "image": "stone_block" },
    { "x": 2875, "y": 550, "scale": 0.1, "image": "stone_block" },
    { "x": 2875, "y": 600, "scale": 0.1, "image": "stone_block" },
    { "x": 2875, "y": 650, "scale": 0.1, "image": "stone_block" },
    { "x": 2875, "y": 700, "scale": 0.1, "image": "stone_block" },
    { "x": 2875, "y": 750, "scale": 0.1, "image": "stone_block" },



    { "x": 2925, "y": 350, "scale": 0.1, "image": "stone_block" },
    { "x": 2925, "y": 400, "scale": 0.1, "image": "stone_block" },
    { "x": 2925, "y": 450, "scale": 0.1, "image": "stone_block" },
    { "x": 2925, "y": 500, "scale": 0.1, "image": "stone_block" },
    { "x": 2925, "y": 550, "scale": 0.1, "image": "stone_block" },
    { "x": 2925, "y": 600, "scale": 0.1, "image": "stone_block" },
    { "x": 2925, "y": 650, "scale": 0.1, "image": "stone_block" },
    { "x": 2925, "y": 700, "scale": 0.1, "image": "stone_block" },
    { "x": 2925, "y": 750, "scale": 0.1, "image": "stone_block" },


    { "x": 2975, "y": 350, "scale": 0.1, "image": "stone_block" },
    { "x": 2975, "y": 400, "scale": 0.1, "image": "stone_block" },
    { "x": 2975, "y": 450, "scale": 0.1, "image": "stone_block" },
    { "x": 2975, "y": 500, "scale": 0.1, "image": "stone_block" },
    { "x": 2975, "y": 550, "scale": 0.1, "image": "stone_block" },
    { "x": 2975, "y": 600, "scale": 0.1, "image": "stone_block" },
    { "x": 2975, "y": 650, "scale": 0.1, "image": "stone_block" },
    { "x": 2975, "y": 700, "scale": 0.1, "image": "stone_block" },
    { "x": 2975, "y": 750, "scale": 0.1, "image": "stone_block" },

    { "x": 3025, "y": 350, "scale": 0.1, "image": "stone_block" },
    { "x": 3025, "y": 400, "scale": 0.1, "image": "stone_block" },
    { "x": 3025, "y": 450, "scale": 0.1, "image": "stone_block" },
    { "x": 3025, "y": 500, "scale": 0.1, "image": "stone_block" },
    { "x": 3025, "y": 550, "scale": 0.1, "image": "stone_block" },
    { "x": 3025, "y": 600, "scale": 0.1, "image": "stone_block" },
    { "x": 3025, "y": 650, "scale": 0.1, "image": "stone_block" },
    { "x": 3025, "y": 700, "scale": 0.1, "image": "stone_block" },
    { "x": 3025, "y": 750, "scale": 0.1, "image": "stone_block" },
    { "x": 3025, "y": 800, "scale": 0.1, "image": "stone_block" },

    { "x": 3075, "y": 350, "scale": 0.1, "image": "stone_block" },
    { "x": 3075, "y": 400, "scale": 0.1, "image": "stone_block" },
    { "x": 3075, "y": 450, "scale": 0.1, "image": "stone_block" },
    { "x": 3075, "y": 500, "scale": 0.1, "image": "stone_block" },
    { "x": 3075, "y": 550, "scale": 0.1, "image": "stone_block" },
    { "x": 3075, "y": 600, "scale": 0.1, "image": "stone_block" },
    { "x": 3075, "y": 650, "scale": 0.1, "image": "stone_block" },
    { "x": 3075, "y": 700, "scale": 0.1, "image": "stone_block" },
    { "x": 3075, "y": 750, "scale": 0.1, "image": "stone_block" },
    { "x": 3075, "y": 800, "scale": 0.1, "image": "stone_block" },

    { "x": 3125, "y": 350, "scale": 0.1, "image": "stone_block" },
    { "x": 3125, "y": 400, "scale": 0.1, "image": "stone_block" },
    { "x": 3125, "y": 450, "scale": 0.1, "image": "stone_block" },
    { "x": 3125, "y": 500, "scale": 0.1, "image": "stone_block" },
    { "x": 3125, "y": 550, "scale": 0.1, "image": "stone_block" },
    { "x": 3125, "y": 600, "scale": 0.1, "image": "stone_block" },
    { "x": 3125, "y": 650, "scale": 0.1, "image": "stone_block" },
    { "x": 3125, "y": 700, "scale": 0.1, "image": "stone_block" },
    { "x": 3125, "y": 750, "scale": 0.1, "image": "stone_block" },
    { "x": 3125, "y": 800, "scale": 0.1, "image": "stone_block" },

    { "x": 3175, "y": 350, "scale": 0.1, "image": "stone_block" },
    { "x": 3175, "y": 400, "scale": 0.1, "image": "stone_block" },
    { "x": 3175, "y": 450, "scale": 0.1, "image": "stone_block" },
    { "x": 3175, "y": 500, "scale": 0.1, "image": "stone_block" },
    { "x": 3175, "y": 550, "scale": 0.1, "image": "stone_block" },
    { "x": 3175, "y": 600, "scale": 0.1, "image": "stone_block" },
    { "x": 3175, "y": 650, "scale": 0.1, "image": "stone_block" },
    { "x": 3175, "y": 700, "scale": 0.1, "image": "stone_block" },
    { "x": 3175, "y": 750, "scale": 0.1, "image": "stone_block" },
    { "x": 3175, "y": 800, "scale": 0.1, "image": "stone_block" },

    { "x": 3225, "y": 350, "scale": 0.1, "image": "stone_block" },
    { "x": 3225, "y": 400, "scale": 0.1, "image": "stone_block" },
    { "x": 3225, "y": 450, "scale": 0.1, "image": "stone_block" },
    { "x": 3225, "y": 500, "scale": 0.1, "image": "stone_block" },
    { "x": 3225, "y": 550, "scale": 0.1, "image": "stone_block" },
    { "x": 3225, "y": 600, "scale": 0.1, "image": "stone_block" },
    { "x": 3225, "y": 650, "scale": 0.1, "image": "stone_block" },
    { "x": 3225, "y": 700, "scale": 0.1, "image": "stone_block" },
    { "x": 3225, "y": 750, "scale": 0.1, "image": "stone_block" },
    { "x": 3225, "y": 800, "scale": 0.1, "image": "stone_block" },

    { "x": 3275, "y": 350, "scale": 0.1, "image": "stone_block" },
    { "x": 3275, "y": 400, "scale": 0.1, "image": "stone_block" },
    { "x": 3275, "y": 450, "scale": 0.1, "image": "stone_block" },
    { "x": 3275, "y": 500, "scale": 0.1, "image": "stone_block" },
    { "x": 3275, "y": 550, "scale": 0.1, "image": "stone_block" },
    { "x": 3275, "y": 600, "scale": 0.1, "image": "stone_block" },
    { "x": 3275, "y": 650, "scale": 0.1, "image": "stone_block" },
    { "x": 3275, "y": 700, "scale": 0.1, "image": "stone_block" },
    { "x": 3275, "y": 750, "scale": 0.1, "image": "stone_block" },
    { "x": 3275, "y": 800, "scale": 0.1, "image": "stone_block" },

    { "x": 3325, "y": 350, "scale": 0.1, "image": "stone_block" },
    { "x": 3325, "y": 400, "scale": 0.1, "image": "stone_block" },
    { "x": 3325, "y": 450, "scale": 0.1, "image": "stone_block" },
    { "x": 3325, "y": 500, "scale": 0.1, "image": "stone_block" },
    { "x": 3325, "y": 550, "scale": 0.1, "image": "stone_block" },
    { "x": 3325, "y": 600, "scale": 0.1, "image": "stone_block" },
    { "x": 3325, "y": 650, "scale": 0.1, "image": "stone_block" },
    { "x": 3325, "y": 700, "scale": 0.1, "image": "stone_block" },
    { "x": 3325, "y": 750, "scale": 0.1, "image": "stone_block" },
    { "x": 3325, "y": 800, "scale": 0.1, "image": "stone_block" },

    { "x": 3375, "y": 350, "scale": 0.1, "image": "stone_block" },
    { "x": 3375, "y": 400, "scale": 0.1, "image": "stone_block" },
    { "x": 3375, "y": 450, "scale": 0.1, "image": "stone_block" },
    { "x": 3375, "y": 500, "scale": 0.1, "image": "stone_block" },
    { "x": 3375, "y": 550, "scale": 0.1, "image": "stone_block" },
    { "x": 3375, "y": 600, "scale": 0.1, "image": "stone_block" },
    { "x": 3375, "y": 650, "scale": 0.1, "image": "stone_block" },
    { "x": 3375, "y": 700, "scale": 0.1, "image": "stone_block" },
    { "x": 3375, "y": 750, "scale": 0.1, "image": "stone_block" },
    { "x": 3375, "y": 800, "scale": 0.1, "image": "stone_block" },

    { "x": 3425, "y": 350, "scale": 0.1, "image": "stone_block" },
    { "x": 3425, "y": 400, "scale": 0.1, "image": "stone_block" },
    { "x": 3425, "y": 450, "scale": 0.1, "image": "stone_block" },
    { "x": 3425, "y": 500, "scale": 0.1, "image": "stone_block" },
    { "x": 3425, "y": 550, "scale": 0.1, "image": "stone_block" },
    { "x": 3425, "y": 600, "scale": 0.1, "image": "stone_block" },
    { "x": 3425, "y": 650, "scale": 0.1, "image": "stone_block" },
    { "x": 3425, "y": 700, "scale": 0.1, "image": "stone_block" },
    { "x": 3425, "y": 750, "scale": 0.1, "image": "stone_block" },
    { "x": 3425, "y": 800, "scale": 0.1, "image": "stone_block" },

    { "x": 3475, "y": 350, "scale": 0.1, "image": "stone_block" },
    { "x": 3475, "y": 400, "scale": 0.1, "image": "stone_block" },
    { "x": 3475, "y": 450, "scale": 0.1, "image": "stone_block" },
    { "x": 3475, "y": 500, "scale": 0.1, "image": "stone_block" },
    { "x": 3475, "y": 550, "scale": 0.1, "image": "stone_block" },
    { "x": 3475, "y": 600, "scale": 0.1, "image": "stone_block" },
    { "x": 3475, "y": 650, "scale": 0.1, "image": "stone_block" },
    { "x": 3475, "y": 700, "scale": 0.1, "image": "stone_block" },
    { "x": 3475, "y": 750, "scale": 0.1, "image": "stone_block" },
    { "x": 3475, "y": 800, "scale": 0.1, "image": "stone_block" },

    { "x": 3525, "y": 350, "scale": 0.1, "image": "stone_block" },
    { "x": 3525, "y": 400, "scale": 0.1, "image": "stone_block" },
    { "x": 3525, "y": 450, "scale": 0.1, "image": "stone_block" },
    { "x": 3525, "y": 500, "scale": 0.1, "image": "stone_block" },
    { "x": 3525, "y": 550, "scale": 0.1, "image": "stone_block" },
    { "x": 3525, "y": 600, "scale": 0.1, "image": "stone_block" },
    { "x": 3525, "y": 650, "scale": 0.1, "image": "stone_block" },
    { "x": 3525, "y": 700, "scale": 0.1, "image": "stone_block" },
    { "x": 3525, "y": 750, "scale": 0.1, "image": "stone_block" },
    { "x": 3525, "y": 800, "scale": 0.1, "image": "stone_block" },

    { "x": 3575, "y": 350, "scale": 0.1, "image": "stone_block" },
    { "x": 3575, "y": 400, "scale": 0.1, "image": "stone_block" },
    { "x": 3575, "y": 450, "scale": 0.1, "image": "stone_block" },
    { "x": 3575, "y": 500, "scale": 0.1, "image": "stone_block" },
    { "x": 3575, "y": 550, "scale": 0.1, "image": "stone_block" },
    { "x": 3575, "y": 600, "scale": 0.1, "image": "stone_block" },
    { "x": 3575, "y": 650, "scale": 0.1, "image": "stone_block" },
    { "x": 3575, "y": 700, "scale": 0.1, "image": "stone_block" },
    { "x": 3575, "y": 750, "scale": 0.1, "image": "stone_block" },
    { "x": 3575, "y": 800, "scale": 0.1, "image": "stone_block" },

    { "x": 3625, "y": 350, "scale": 0.1, "image": "stone_block" },
    { "x": 3625, "y": 400, "scale": 0.1, "image": "stone_block" },
    { "x": 3625, "y": 450, "scale": 0.1, "image": "stone_block" },
    { "x": 3625, "y": 500, "scale": 0.1, "image": "stone_block" },
    { "x": 3625, "y": 550, "scale": 0.1, "image": "stone_block" },
    { "x": 3625, "y": 600, "scale": 0.1, "image": "stone_block" },
    { "x": 3625, "y": 650, "scale": 0.1, "image": "stone_block" },
    { "x": 3625, "y": 700, "scale": 0.1, "image": "stone_block" },
    { "x": 3625, "y": 750, "scale": 0.1, "image": "stone_block" },
    { "x": 3625, "y": 800, "scale": 0.1, "image": "stone_block" },

    { "x": 3675, "y": 350, "scale": 0.1, "image": "stone_block" },
    { "x": 3675, "y": 400, "scale": 0.1, "image": "stone_block" },
    { "x": 3675, "y": 450, "scale": 0.1, "image": "stone_block" },
    { "x": 3675, "y": 500, "scale": 0.1, "image": "stone_block" },
    { "x": 3675, "y": 550, "scale": 0.1, "image": "stone_block" },
    { "x": 3675, "y": 600, "scale": 0.1, "image": "stone_block" },
    { "x": 3675, "y": 650, "scale": 0.1, "image": "stone_block" },
    { "x": 3675, "y": 700, "scale": 0.1, "image": "stone_block" },
    { "x": 3675, "y": 750, "scale": 0.1, "image": "stone_block" },
    { "x": 3675, "y": 800, "scale": 0.1, "image": "stone_block" },
    






    { "x": 1625, "y": 800, "scale": 0.1, "image": "stone_block" }
  ],

  "_comment": "敵情報「X・Y(横・縦)、大きさ、スピード、敵画像」",
  "enemies": [
    { "x": 750, "y": 450, "scale": 0.5, "speedX": -110, "image": "kumo", "type": "normal", "fallable": false },
    { "x": 3850, "y": 850, "scale": 0.7, "speedX": 0, "image": "kumo", "type": "shoot", "shootInterval": 4000, "bulletSpeed": 170, "bulletImage": "kumonosu", "fallable": false }
  ],

  "_comment": "地面情報「X・Y(横・縦)、地面の幅(横・縦)、地面画像」",
  "ground": [
    { "x": 0, "y": 950, "width": 220, "height": 150, "image": "stone_yuka" },

    { "x": 650, "y": 600, "width": 50, "height": 50, "image": "stone_block" },
    { "x": 700, "y": 600, "width": 50, "height": 50, "image": "stone_block" },
    { "x": 750, "y": 600, "width": 50, "height": 50, "image": "stone_block" },

    { "x": 1300, "y": 950, "width": 200, "height": 150, "image": "stone_yuka" },
    { "x": 1600, "y": 950, "width": 200, "height": 150, "image": "stone_yuka" },
    { "x": 1900, "y": 950, "width": 200, "height": 150, "image": "stone_yuka" },
    { "x": 2300, "y": 950, "width": 200, "height": 150, "image": "stone_yuka" },
    { "x": 2500, "y": 1000, "width": 200, "height": 150, "image": "stone_yuka" },
    { "x": 2700, "y": 950, "width": 200, "height": 150, "image": "stone_yuka" },
    { "x": 2900, "y": 950, "width": 200, "height": 150, "image": "stone_yuka" },
    { "x": 3100, "y": 1000, "width": 200, "height": 150, "image": "stone_yuka" },
    { "x": 3300, "y": 950, "width": 200, "height": 150, "image": "stone_yuka" },
    { "x": 3500, "y": 1000, "width": 200, "height": 150, "image": "stone_yuka" },
    { "x": 3700, "y": 950, "width": 200, "height": 150, "image": "stone_yuka" },
    { "x": 3950, "y": 950, "width": 200, "height": 150, "image": "stone_yuka" },


    { "x": 0, "y": 200, "width": 450, "height": 250, "image": "stone_yuka" },
    { "x": 450, "y": 200, "width": 450, "height": 250, "image": "stone_yuka" },
    { "x": 900, "y": 200, "width": 450, "height": 250, "image": "stone_yuka" },
    { "x": 1350, "y": 200, "width": 450, "height": 250, "image": "stone_yuka" },
    { "x": 1800, "y": 200, "width": 450, "height": 250, "image": "stone_yuka" },
    { "x": 2250, "y": 200, "width": 450, "height": 250, "image": "stone_yuka" },
    { "x": 2700, "y": 200, "width": 450, "height": 250, "image": "stone_yuka" },
    { "x": 3150, "y": 200, "width": 450, "height": 250, "image": "stone_yuka" },
    { "x": 3600, "y": 200, "width": 450, "height": 250, "image": "stone_yuka" },
    { "x": 4050, "y": 200, "width": 450, "height": 250, "image": "stone_yuka" },
    { "x": 4500, "y": 200, "width": 450, "height": 250, "image": "stone_yuka" },
    { "x": 4950, "y": 200, "width": 450, "height": 250, "image": "stone_yuka" },
    { "x": 5400, "y": 200, "width": 450, "height": 250, "image": "stone_yuka" }
  ],

  "_comment": "死亡判定情報「X・Y(横・縦)、判定の幅(横,縦)」",
  "holes": [
    { "x": 1000, "y": 1000, "width": 5000, "height": 50 },
    { "x": 850, "y": 520, "width": 30, "height": 15},
    { "x": 1710, "y": 760, "width":  57, "height": 60 },
    { "x": 1795, "y": 870, "width":  30, "height": 15 },
    { "x": 1485, "y": 860, "width":  30 , "height":25 }
  ],

  "_comment": "ゴール情報「X・Y(横・縦)、サイズ(横・縦)、ゴール画像」",
  "goal": {
    "pole": { "x": 4100, "y": 813, "width": 42, "height": 150, "image": "pole" },
    "flag": { "x": 4100, "y": 713, "width": 42, "height": 60, "image": "flag" }
  },


  "_comment": "オブジェクト情報「X・Y(横・縦)、画像サイズ(横・縦)、画像」",
  "decorations": [
    { "x": 850, "y": 510, "width": 35, "height": 35, "image": "spike" },
    { "x": 1485, "y": 846, "width": 40, "height": 60, "image": "spike" },
    { "x": 1710, "y": 760, "width": 67, "height": 60, "image": "spidertate" },
    { "x": 1795, "y": 860, "width": 35, "height": 35, "image": "spike" }
  ]
}