{
  "_comment": "ステージ情報「ステージサイズ(横・縦)、背景画像、BGM」",
  "stage": {
    "width": 7000,
    "height": 1050,
    "background": { "image": "teraria", "scaleX": 1.0, "scaleY": 1.0 },
    "bgm": "1-3"
  },

  "_comment": "プレイヤー情報「X・Y(横、縦)、プレイヤーサイズ、プレイヤー画像」",
  "player": {
    "x": 100,
    "y": 600,
    "scale": 1.5,
    "image": "player"
  },  

  "_comment": "ブロック情報「X・Y(横・縦)、大きさ、ブロック画像」",
  "blocks": [
    { "x": 450, "y": 778, "scale": 0.08, "image": "MgmBlock" },
    { "x": 505, "y": 778, "scale": 0.08, "image": "MgmBlock" },
    { "x": 560, "y": 778, "scale": 0.075, "image": "MgmBlock2" },
    { "x": 615, "y": 778, "scale": 0.08, "image": "MgmBlock" },
    { "x": 505, "y": 670, "scale": 0.08, "image": "MgmBlock" },
    { "x": 560, "y": 670, "scale": 0.08, "image": "MgmBlock" },
    { "x": 1600, "y": 860, "scale": 0.08, "image": "MgmBlock" },
    { "x": 1655, "y": 860, "scale": 0.08, "image": "MgmBlock" },
    { "x": 1710, "y": 805, "scale": 0.08, "image": "MgmBlock" },
    { "x": 1720, "y": 655, "scale": 0.075, "image": "MgmBlock2" },
    { "x": 1720, "y": 610, "scale": 0.075, "image": "MgmBlock" },
    { "x": 1665, "y": 620, "scale": 0.08, "image": "MgmBlock2" },
    { "x": 1665, "y": 570, "scale": 0.08, "image": "MgmBlock" },
    { "x": 1610, "y": 600, "scale": 0.08, "image": "MgmBlock" },
    { "x": 1610, "y": 547, "scale": 0.08, "image": "MgmBlock" },
    { "x": 1555, "y": 547, "scale": 0.08, "image": "MgmBlock" },
    { "x": 1555, "y": 497, "scale": 0.08, "image": "MgmBlock" },
    { "x": 1555, "y": 448, "scale": 0.08, "image": "MgmBlock" },
    { "x": 1610, "y": 497, "scale": 0.08, "image": "MgmBlock2" },
    { "x": 1610, "y": 448, "scale": 0.08, "image": "MgmBlock" },
    { "x": 1500, "y": 497, "scale": 0.08, "image": "MgmBlock2" },
    { "x": 1500, "y": 448, "scale": 0.08, "image": "MgmBlock2" },
    { "x": 1610, "y": 400, "scale": 0.08, "image": "MgmBlock" },
    { "x": 1555, "y": 400, "scale": 0.08, "image": "MgmBlock" },
    { "x": 1500, "y": 400, "scale": 0.08, "image": "MgmBlock" },
    { "x": 1820, "y": 750, "scale": 0.08, "image": "MgmBlock" },
    { "x": 1875, "y": 750, "scale": 0.08, "image": "MgmBlock" },
    { "x": 1930, "y": 750, "scale": 0.08, "image": "MgmBlock" },
    { "x": 1985, "y": 750, "scale": 0.075, "image": "MgmBlock2" },
    { "x": 3550, "y": 780, "scale": 0.3, "image": "Mgmjimen" },
    { "x": 3750, "y": 658, "scale": 0.3, "image": "Mgmjimen" },
    { "x": 3600, "y": 550, "scale": 0.3, "image": "Mgmjimen" },
    { "x": 3830, "y": 450, "scale": 0.3, "image": "Mgmjimen" },
    { "x": 5000, "y": 890, "scale": 0.08, "image": "MgmBlock" },
    { "x": 5055, "y": 890, "scale": 0.08, "image": "MgmBlock" }

  ],

  "_comment": "敵情報「X・Y(横・縦)、大きさ、スピード、敵画像」",
  "enemies": [
    { "x": 400, "y": 750, "scale": 0.25, "speedX": -100, "image": "slime", "type": "jump", "jumpHeight": -500, "jumpInterval": 2500, "fallable": false },
    { "x": 800, "y": 700, "scale": 0.2, "speedX": -130, "image": "slime", "type": "normal", "fallable": false },
    { "x": 1400, "y": 700, "scale": 0.4, "speedX": -160, "image": "devil", "type": "normal", "fallable": false },
    { "x": 1000, "y": -300, "scale": 0.8, "speedX": -140, "image": "nekoyoko", "type": "shoot", "shootInterval": 3500, "bulletSpeed": 200, "bulletImage": "boo", "fallable": true, "blockCollision": true },
    { "x": 2800, "y": 750, "scale": 0.7, "speedX": -100, "image": "aki", "type": "jump", "jumpHeight": -500, "jumpInterval": 2700, "fallable": false, "blockCollision": false  },
    { "x": 4600, "y": 300, "scale": 0.25, "speedX": -150, "image": "majick", "type": "shoot", "shootInterval": 3500, "bulletSpeed": 200, "bulletImage": "fish", "fallable": false, "blockCollision": false },
    { "x": 6800, "y": 500, "scale": 1.5, "speedX": -430, "image": "aki", "type": "normal", "fallable": true }
  ],

  "_comment": "地面情報「X・Y(横・縦)、地面の幅(横・縦)、地面画像」",
  "ground": [
    { "x": 0, "y": 950, "width": 900, "height": 150, "image": "Mgmjimen" },
    { "x": 0, "y": 250, "width": 2000, "height": 30, "image": "Mgmjimen" },
    { "x": 1100, "y": 950, "width": 400, "height": 150, "image": "Mgmjimen" },
    { "x": 2130, "y": 1000, "width": 800, "height": 300, "image": "Mgmjimen" },
    { "x": 3100, "y": 890, "width": 100, "height": 50, "image": "Mgmjimen" },
    { "x": 3300, "y": 1030, "width": 800, "height": 300, "image": "Mgmjimen" },
    { "x": 4102, "y": 830, "width": 800, "height": 700, "image": "Mgmjimen" },
    { "x": 5250, "y": 960, "width": 500, "height": 200, "image": "Mgmjimen" },
    { "x": 5900, "y": 930, "width": 150, "height": 300, "image": "Mgmjimen" },
    { "x": 6050, "y": 950, "width": 200, "height": 300, "image": "Mgmjimen" },
    { "x": 6250, "y": 1050, "width": 70, "height": 300, "image": "Mgmjimen" },
    { "x": 6320, "y": 950, "width": 200, "height": 300, "image": "Mgmjimen" },
    { "x": 6520, "y": 1050, "width": 70, "height": 300, "image": "Mgmjimen" },
    { "x": 6590, "y": 950, "width": 300, "height": 300, "image": "Mgmjimen" }
  ],

  "_comment": "死亡判定情報「X・Y(横・縦)、判定の幅(横,縦)」",
  "holes": [
    { "x": 1000, "y": 1000, "width": 10000, "height": 140 },
    { "x": 560, "y": 778, "width": 56, "height": 52},
    { "x": 1720, "y": 655, "width": 56, "height": 52},
    { "x": 1985, "y": 750, "width": 56, "height": 52},

    { "x": 555, "y": 635, "width": 30, "height": 20} ,
    { "x": 1920, "y": 714, "width": 30, "height": 20} ,
    { "x": 2450, "y": 680, "width": 90, "height": 90} ,
    { "x": 2650, "y": 600, "width": 90, "height": 90} ,
    { "x": 2850, "y": 720, "width": 90, "height": 90} ,
    { "x": 4800, "y": 445, "width": 60, "height": 70} 
    
  ],

  "_comment": "ゴール情報「X・Y(横・縦)、サイズ(横・縦)、ゴール画像」",
  "goal": {
    "pole": { "x": -100, "y": 0, "width": 42, "height": 150, "image": "pole" },
    "flag": { "x": 6950, "y": 713, "width": 150, "height": 200, "image": "roket" }
  },

   "_comment": "オブジェクト情報「X・Y(横・縦)、画像サイズ(横・縦)、画像」",
  "decorations": [
    { "x": 1000, "y": 970, "width": 200, "height": 100, "image": "Mgm" },
    { "x": 1815, "y": 970, "width": 630, "height": 100, "image": "Mgm" },
    { "x": 555, "y": 624, "width": 50, "height": 50, "image": "poop" },
    { "x": 1920, "y": 703, "width": 50, "height": 50, "image": "poop" },
    { "x": 3113, "y": 970, "width": 375, "height": 100, "image": "Mgm" },
    { "x": 2450, "y": 680, "width": 100, "height": 100, "image": "ban" },
    { "x": 2650, "y": 600, "width": 100, "height": 100, "image": "ban" },
    { "x": 2850, "y": 720, "width": 100, "height": 100, "image": "ban" },
    { "x": 4800, "y": 435, "width": 85, "height": 85, "image": "bakaneko" },
    { "x": 5080, "y": 970, "width": 345, "height": 100, "image": "Mgm" },
    { "x": 5825, "y": 970, "width": 150, "height": 100, "image": "Mgm" }

  ]
}