{
  "_comment": "ステージ情報「ステージサイズ(横・縦)、背景画像(倍率)、BGM」",
  "stage": {
    "width": 2000,
    "height": 1080,
    "background": {
      "image": "space",
      "scaleX": 1,
      "scaleY": 1 
    },
    "bgm": "bgm01"
  },

  "_comment": "プレイヤー情報「X・Y(横、縦)、プレイヤーサイズ、プレイヤー画像」",
  "player": {
    "x": 200,
    "y": 500,
    "scale": 1.5,
    "image": "player"
  },  

  "_comment": "ブロック情報「X・Y(横・縦)、大きさ、ブロック画像」",
  "blocks": [
    { "x": 200, "y": 730, "scale": 1.8, "image": "block" },
    { "x": 230, "y": 730, "scale": 1.8, "image": "block" },
    { "x": 400, "y": 810, "scale": 1.8, "image": "block" },
    { "x": 500, "y": 700, "scale": 1.8, "image": "block" },

    { "x": 650, "y": 600, "scale": 1.8, "image": "block" },
    { "x": 680, "y": 600, "scale": 1.8, "image": "block" },
    { "x": 710, "y": 600, "scale": 1.8, "image": "block" },

    { "x": 600, "y": 850, "scale": 1.8, "image": "block" },
    { "x": 650, "y": 850, "scale": 1.8, "image": "block" },
    { "x": 700, "y": 850, "scale": 1.8, "image": "block" },
    
    { "x": 520, "y": 480, "scale": 1.8, "image": "block" },
    { "x": 450, "y": 370, "scale": 1.8, "image": "block" },

    { "x": 850, "y": 600, "scale": 1.8, "image": "block" }
  ],

  "_comment": "敵情報「X・Y(横・縦)、大きさ、スピード、敵画像」",
  "enemies": [
    { "x": 1750, "y": 100, "scale": 2.2, "speedX": -300, "image": "enemy", "type": "normal", "fallable": false, "blockCollision": false },
    { "x": 10, "y": 750, "scale": 5, "speedX": -100, "image": "enemy", "type": "shoot", "shootInterval": 500, "bulletSpeed": 200, "bulletImage": "5405", "fallable": false, "blockCollision": true },
    { "x": 550, "y": 750, "scale": 1.5, "speedX": -100, "image": "enemy", "type": "jump", "jumpHeight": -200, "jumpInterval": 100, "fallable": false, "blockCollision": true },
    { "x": 620, "y": 550, "scale": 1.5, "speedX": 50, "image": "enemy", "type": "jump", "jumpHeight": -500, "jumpInterval": 2500, "fallable": false, "blockCollision": false },
    { "x": 850, "y": 750, "scale": 5, "speedX": -100, "image": "enemy", "type": "shoot", "shootInterval": 2500, "bulletSpeed": 200, "bulletImage": "5405", "fallable": false, "blockCollision": false }
  ],

  "_comment": "地面情報「X・Y(横・縦)、地面の幅(横・縦)、地面画像」",
  "ground": [
    { "x": 0, "y": 950, "width": 100, "height": 150, "image": "ground_left" },
    { "x": 100, "y": 950, "width": 100, "height": 150, "image": "ground_center" },
    { "x": 200, "y": 950, "width": 100, "height": 150, "image": "ground_center" },
    { "x": 300, "y": 950, "width": 100, "height": 150, "image": "ground_right" },

    { "x": 1000, "y": 250, "width": 200, "height": 150, "image": "ground_center" },

    { "x": 500, "y": 950, "width": 100, "height": 150, "image": "ground_left" },
    { "x": 600, "y": 950, "width": 100, "height": 150, "image": "ground_center" },
    { "x": 700, "y": 950, "width": 100, "height": 150, "image": "ground_center" },
    { "x": 800, "y": 950, "width": 100, "height": 150, "image": "ground_right" },

    { "x": 1000, "y": 950, "width": 2000, "height": 150, "image": "ground_center" }
  ],

  "_comment": "死亡判定情報「X・Y(横・縦)、判定の幅(横,縦)」",
  "holes": [
    { "x": 1000, "y": 1000, "width": 2000, "height": 50 },
    { "x": 300, "y": 860, "width": 30, "height": 30 }
  ],

  "_comment": "ゴール情報「X・Y(横・縦)、サイズ(横・縦)、ゴール画像」",
  "goal": {
    "pole": { "x": 1900, "y": 813, "width": 42, "height": 150, "image": "pole" },
    "flag": { "x": 1900, "y": 713, "width": 42, "height": 48, "image": "flag" }
  },

  "_comment": "オブジェクト情報「X・Y(横・縦)、画像サイズ(横・縦)、画像」",
  "decorations": [
    { "x": 300, "y": 858, "width": 35, "height": 35, "image": "kanban" }
  ]
}